modality,n_rows,n_cols,size_gb
sleepdiaries,267,15,6.765127182006836e-5
wearlog,510,15,7.557868957519531e-5
light_chest,0,1,7.972121238708496e-7
